Workbook
Name ToplamHavaDebisi: 'Borulama Hesaplari'!$E$4
Name AnaBoruCapi: 'Borulama Hesaplari'!$E$8
Name ToplamBasincKaybi: 'Fan Secimi'!$B$7
Name StandartCaplar: 'Boru Capi Tablosu'!$B$5:$B$27
Name FiltreModeli: 'Filtre Secimi'!$B$10
Name FanModeli: 'Fan Secimi'!$B$14
Name FanMotorGucu: 'Fan Secimi'!$B$29
Name EnerjiYillik: 'Fan Secimi'!$B$31

Sheet Dashboard
A1: TOZ EMME SISTEMI - GOSTERGE PANELI (DASHBOARD)
A3: Toplam Hava Debisi | D3: Ana Boru Capi | G3: Gercek Hava Hizi
A4: ='Borulama Hesaplari'!E4 | D4: ='Borulama Hesaplari'!E8 | G4: ='Borulama Hesaplari'!E10
A5: Toplam Basinc Kaybi | D5: Secilen Filtre | G5: Secilen Fan
A6: ='Fan Secimi'!B7 | D6: ='Filtre Secimi'!B10 | G6: ='Fan Secimi'!B14
A7: Fan Motor Gucu | D7: Yillik Enerji Tuketimi | G7: Filtre Alani
A8: ='Fan Secimi'!B29 | D8: ='Fan Secimi'!B31 | G8: ='Filtre Secimi'!B12
A10: BASINC KAYBI BILESENLERI
A11: Bilesen | B11: Deger (Pa)
A12: Statik (Surtunme) Kaybi | B12: ='Borulama Hesaplari'!E14
A13: Dinamik (Yerel) Kaybi | B13: ='Borulama Hesaplari'!E16
A14: Filtre Basinc Kaybi | B14: ='Filtre Secimi'!B23
A27: MAKINE BAZLI HAVA DEBISI DAGILIMI

Sheet Makine Giris
A1: MAKINE GIRIS SAYFASI
A2: Proje Adi: | D2: Tarih: | G2: Hazirlayan:
A4: No | B4: Makine Adi | C4: Makine Tipi | D4: Makine Adedi | E4: Emis Noktasi Sayisi | F4: Emis Noktasi Capi (mm) | G4: Makine Hava Debisi (m3/h) | H4: Eszamanli Calisma K.(%) | I4: Calisma Suresi (sa/gun) | J4: Toplam Debi (m3/h) | K4: Gunluk Tuketim (m3/gun) | L4: Durum
A5: 1 | H5: 100 | I5: 8 | J5: =IF(B5="","",D5*G5*(H5/100)) | K5: =IF(B5="","",J5*I5) | L5: =IF(B5="","Bos Satir",IF(OR(D5<=0,G5<=0,H5<=0,H5>100),"HATA: Kontrol Et","OK"))
A6: 2 | H6: 100 | I6: 8 | J6: =IF(B6="","",D6*G6*(H6/100)) | K6: =IF(B6="","",J6*I6) | L6: =IF(B6="","Bos Satir",IF(OR(D6<=0,G6<=0,H6<=0,H6>100),"HATA: Kontrol Et","OK"))
A7: 3 | H7: 100 | I7: 8 | J7: =IF(B7="","",D7*G7*(H7/100)) | K7: =IF(B7="","",J7*I7) | L7: =IF(B7="","Bos Satir",IF(OR(D7<=0,G7<=0,H7<=0,H7>100),"HATA: Kontrol Et","OK"))
A8: 4 | H8: 100 | I8: 8 | J8: =IF(B8="","",D8*G8*(H8/100)) | K8: =IF(B8="","",J8*I8) | L8: =IF(B8="","Bos Satir",IF(OR(D8<=0,G8<=0,H8<=0,H8>100),"HATA: Kontrol Et","OK"))
A9: 5 | H9: 100 | I9: 8 | J9: =IF(B9="","",D9*G9*(H9/100)) | K9: =IF(B9="","",J9*I9) | L9: =IF(B9="","Bos Satir",IF(OR(D9<=0,G9<=0,H9<=0,H9>100),"HATA: Kontrol Et","OK"))
A10: 6 | H10: 100 | I10: 8 | J10: =IF(B10="","",D10*G10*(H10/100)) | K10: =IF(B10="","",J10*I10) | L10: =IF(B10="","Bos Satir",IF(OR(D10<=0,G10<=0,H10<=0,H10>100),"HATA: Kontrol Et","OK"))
A11: 7 | H11: 100 | I11: 8 | J11: =IF(B11="","",D11*G11*(H11/100)) | K11: =IF(B11="","",J11*I11) | L11: =IF(B11="","Bos Satir",IF(OR(D11<=0,G11<=0,H11<=0,H11>100),"HATA: Kontrol Et","OK"))
A12: 8 | H12: 100 | I12: 8 | J12: =IF(B12="","",D12*G12*(H12/100)) | K12: =IF(B12="","",J12*I12) | L12: =IF(B12="","Bos Satir",IF(OR(D12<=0,G12<=0,H12<=0,H12>100),"HATA: Kontrol Et","OK"))
A13: 9 | H13: 100 | I13: 8 | J13: =IF(B13="","",D13*G13*(H13/100)) | K13: =IF(B13="","",J13*I13) | L13: =IF(B13="","Bos Satir",IF(OR(D13<=0,G13<=0,H13<=0,H13>100),"HATA: Kontrol Et","OK"))
A14: 10 | H14: 100 | I14: 8 | J14: =IF(B14="","",D14*G14*(H14/100)) | K14: =IF(B14="","",J14*I14) | L14: =IF(B14="","Bos Satir",IF(OR(D14<=0,G14<=0,H14<=0,H14>100),"HATA: Kontrol Et","OK"))
A15: 11 | H15: 100 | I15: 8 | J15: =IF(B15="","",D15*G15*(H15/100)) | K15: =IF(B15="","",J15*I15) | L15: =IF(B15="","Bos Satir",IF(OR(D15<=0,G15<=0,H15<=0,H15>100),"HATA: Kontrol Et","OK"))
A16: 12 | H16: 100 | I16: 8 | J16: =IF(B16="","",D16*G16*(H16/100)) | K16: =IF(B16="","",J16*I16) | L16: =IF(B16="","Bos Satir",IF(OR(D16<=0,G16<=0,H16<=0,H16>100),"HATA: Kontrol Et","OK"))
... A24: 20 | H24: 100 | I24: 8 | J24: =IF(B24="","",D24*G24*(H24/100)) | K24: =IF(B24="","",J24*I24) | L24: =IF(B24="","Bos Satir",IF(OR(D24<=0,G24<=0,H24<=0,H24>100),"HATA: Kontrol Et","OK"))
B25: TOPLAM | J25: =SUM(J5:J24) | K25: =SUM(K5:K24)

Sheet Borulama Hesaplari
A1: BORULAMA HESAPLARI
A3: GIRIS VERILERI
D4: Toplam Hava Debisi (m3/h) | E4: =IFERROR('Makine Giris'!J25,0)
A5: Bransman (Dal Hatti) Uzunlugu (m) | B5: 25 | D5: Toplam Hava Debisi (m3/s) | E5: =E4/3600
A6: 45 derece Dirsek Sayisi (adet) | B6: 4 | D6: Gerekli Boru Kesit Alani (m2) | E6: =E5/B11
A7: 90 derece Dirsek Sayisi (adet) | B7: 6 | D7: Gerekli Boru Capi (mm) | E7: =SQRT(4*E6/PI())*1000
A8: T Baglanti Sayisi (adet) | B8: 5 | D8: Onerilen Standart Cap (mm) | E8: =_xlfn.XLOOKUP(E7,'Boru Capi Tablosu'!$B$5:$B$27,'Boru Capi Tablosu'!$B$5:$B$27,,1)
A9: Reduksiyon Sayisi (adet) | B9: 3 | D9: Secilen Borunun Kesit Alani (m2) | E9: =PI()/4*(E8/1000)^2
A10: Boru Malzemesi | B10: Galvanizli Sac | D10: Gercek Hava Hizi (m/s) | E10: =E5/E9
A11: Hedef Tasima Hizi (m/s) | B11: 22 | D11: Hava Yogunlugu (kg/m3) | E11: =1.2
A12: Guvenlik Payi (%) | B12: 15 | D12: Surtunme Katsayisi - lambda | E12: =_xlfn.XLOOKUP(B10,$A$16:$A$19,$B$16:$B$19)
D13: Toplam Hat Uzunlugu (m) | E13: =B4+B5
A14: MALZEME SURTUNME KATSAYISI (lambda) | D14: Statik (Surtunme) Basinc Kaybi (Pa) | E14: =E12*(E13/(E8/1000))*(E11*E10^2/2)
A15: Boru Malzemesi | B15: Lambda | D15: Yerel Direnc Katsayilari Toplami (sigma-zeta) | E15: =B6*0.15+B7*0.3+B8*1+B9*0.2
A16: Galvanizli Sac | B16: 0.02 | D16: Dinamik (Yerel) Basinc Kaybi (Pa) | E16: =E15*(E11*E10^2/2)
A17: Paslanmaz Celik | B17: 0.018 | D17: Ara Toplam Basinc Kaybi (Pa) | E17: =E14+E16
A18: Spiral Sac | B18: 0.022 | D18: Guvenlik Payi Eklenmis Toplam Basinc Kaybi (Pa) | E18: =E17*(1+B12/100)
A19: PVC | B19: 0.025 | D19: TOPLAM SISTEM BASINC KAYBI (Pa) | E19: =E18
D20: Hiz Kontrolu / Uyari | E20: =IF(E10<18,"UYARI: Hiz dusuk - boru icinde toz cokebilir",IF(E10>30,"UYARI: Hiz yuksek - asinma/enerji kaybi riski","Hiz uygun (18-28 m/s)"))
A22: YEREL DIRENC (ZETA) KATSAYILARI
A23: Eleman | B23: Zeta
A24: 45 derece Dirsek | B24: 0.15
A25: 90 derece Dirsek | B25: 0.3
A26: T Baglanti | B26: 1
A27: Reduksiyon | B27: 0.2

Sheet Boru Capi Tablosu
A1: STANDART BORU CAPI SECIM TABLOSU (mm)
A2: Sistemde kullanilan standart spiral/duz dikiş boru capi serisi. Hesap sayfalari bu listeden bir ust standart capi otomatik secer (XLOOKUP, esit-veya-buyuk esleme).
A4: Sira | B4: Standart Cap (mm) | C4: Kesit Alani (m2) | D4: Tavsiye Edilen Hiz Araligi (m/s)
A5: 1 | B5: 80 | C5: =PI()/4*(B5/1000)^2 | D5: 18 - 28 m/s (ahsap tozu tasima)
A6: 2 | B6: 100 | C6: =PI()/4*(B6/1000)^2 | D6: 18 - 28 m/s (ahsap tozu tasima)
A7: 3 | B7: 120 | C7: =PI()/4*(B7/1000)^2 | D7: 18 - 28 m/s (ahsap tozu tasima)
A8: 4 | B8: 125 | C8: =PI()/4*(B8/1000)^2 | D8: 18 - 28 m/s (ahsap tozu tasima)
A9: 5 | B9: 140 | C9: =PI()/4*(B9/1000)^2 | D9: 18 - 28 m/s (ahsap tozu tasima)
A10: 6 | B10: 150 | C10: =PI()/4*(B10/1000)^2 | D10: 18 - 28 m/s (ahsap tozu tasima)
A11: 7 | B11: 160 | C11: =PI()/4*(B11/1000)^2 | D11: 18 - 28 m/s (ahsap tozu tasima)
A12: 8 | B12: 180 | C12: =PI()/4*(B12/1000)^2 | D12: 18 - 28 m/s (ahsap tozu tasima)
A13: 9 | B13: 200 | C13: =PI()/4*(B13/1000)^2 | D13: 18 - 28 m/s (ahsap tozu tasima)
A14: 10 | B14: 220 | C14: =PI()/4*(B14/1000)^2 | D14: 18 - 28 m/s (ahsap tozu tasima)
A15: 11 | B15: 250 | C15: =PI()/4*(B15/1000)^2 | D15: 18 - 28 m/s (ahsap tozu tasima)
A16: 12 | B16: 280 | C16: =PI()/4*(B16/1000)^2 | D16: 18 - 28 m/s (ahsap tozu tasima)
... A27: 23 | B27: 800 | C27: =PI()/4*(B27/1000)^2 | D27: 18 - 28 m/s (ahsap tozu tasima)

Sheet Filtre Secimi
A1: FILTRE SECIMI
A3: SISTEM GEREKSINIMI
A4: Toplam Hava Debisi (m3/h) | B4: ='Borulama Hesaplari'!E4
A5: Uygun Minimum Filtre Debisi (m3/h) | B5: =MIN(_xlfn._xlws.FILTER('Urun Veritabani'!$E$5:$E$44,('Urun Veritabani'!$C$5:$C$44="Filtre")*('Urun Veritabani'!$E$5:$E$44>=B4),999999999))
A6: Uygun Filtre Bulundu mu? | B6: =IF(B5>=999999999,"HAYIR - Veritabanini genisletin","EVET")
A8: SECILEN FILTRE OZELLIKLERI
A9: Marka | B9: =_xlfn.XLOOKUP(1,('Urun Veritabani'!$C$5:$C$44="Filtre")*('Urun Veritabani'!$E$5:$E$44=B5),'Urun Veritabani'!$A$5:$A$44)
A10: Filtre Modeli (Urun Kodu) | B10: =_xlfn.XLOOKUP(1,('Urun Veritabani'!$C$5:$C$44="Filtre")*('Urun Veritabani'!$E$5:$E$44=B5),'Urun Veritabani'!$B$5:$B$44)
A11: Nominal Debi (m3/h) | B11: =B5
A12: Filtre Alani (m2) | B12: =_xlfn.XLOOKUP(1,('Urun Veritabani'!$C$5:$C$44="Filtre")*('Urun Veritabani'!$E$5:$E$44=B5),'Urun Veritabani'!$H$5:$H$44)
A13: Fan Gucu (kW) | B13: =_xlfn.XLOOKUP(1,('Urun Veritabani'!$C$5:$C$44="Filtre")*('Urun Veritabani'!$E$5:$E$44=B5),'Urun Veritabani'!$G$5:$G$44)
A14: Hava Tanki Hacmi (m3) | B14: =_xlfn.XLOOKUP(1,('Urun Veritabani'!$C$5:$C$44="Filtre")*('Urun Veritabani'!$E$5:$E$44=B5),'Urun Veritabani'!$K$5:$K$44)
A15: Temizlik Sistemi | B15: =_xlfn.XLOOKUP(1,('Urun Veritabani'!$C$5:$C$44="Filtre")*('Urun Veritabani'!$E$5:$E$44=B5),'Urun Veritabani'!$L$5:$L$44)
A16: Aciklama | B16: =_xlfn.XLOOKUP(1,('Urun Veritabani'!$C$5:$C$44="Filtre")*('Urun Veritabani'!$E$5:$E$44=B5),'Urun Veritabani'!$M$5:$M$44)
A18: MUHENDISLIK KONTROLU - FILTRE YUZEY HIZI (Air-to-Cloth Ratio)
A19: Filtre Yuzey Hizi (m/s) = (Debi/3600)/Alan | B19: =(B5/3600)/B12
A20: Kontrol (Tavsiye: 0.020 - 0.045 m/s) | B20: =IF(B19<0.02,"Filtre alani fazla buyuk (verimsiz)",IF(B19>0.045,"UYARI: Filtre alani yetersiz olabilir","Uygun"))
A23: Filtre Basinc Kaybi (Pa) [Fan secimine eklenir] | B23: =_xlfn.XLOOKUP(1,('Urun Veritabani'!$C$5:$C$44="Filtre")*('Urun Veritabani'!$E$5:$E$44=B5),'Urun Veritabani'!$F$5:$F$44)

Sheet Fan Secimi
A1: FAN SECIMI
A3: SISTEM GEREKSINIMI
A4: Toplam Hava Debisi (m3/h) | B4: ='Borulama Hesaplari'!E4
A5: Borulama Basinc Kaybi (Pa) | B5: ='Borulama Hesaplari'!E19
A6: Filtre Basinc Kaybi (Pa) | B6: ='Filtre Secimi'!B23
A7: TOPLAM SISTEM BASINCI (Fan Secimi Icin) (Pa) | B7: =B5+B6
A9: Uygun Minimum Fan Debisi (m3/h) | B9: =MIN(_xlfn._xlws.FILTER('Urun Veritabani'!$E$5:$E$44,('Urun Veritabani'!$C$5:$C$44="Fan")*('Urun Veritabani'!$E$5:$E$44>=B4)*('Urun Veritabani'!$F$5:$F$44>=B7),999999999))
A10: Uygun Fan Bulundu mu? | B10: =IF(B9>=999999999,"HAYIR - Veritabanini genisletin","EVET")
A12: SECILEN FAN OZELLIKLERI
A13: Marka | B13: =_xlfn.XLOOKUP(1,('Urun Veritabani'!$C$5:$C$44="Fan")*('Urun Veritabani'!$E$5:$E$44=B9)*('Urun Veritabani'!$F$5:$F$44>=B7),'Urun Veritabani'!$A$5:$A$44)
A14: Fan Modeli (Urun Kodu) | B14: =_xlfn.XLOOKUP(1,('Urun Veritabani'!$C$5:$C$44="Fan")*('Urun Veritabani'!$E$5:$E$44=B9)*('Urun Veritabani'!$F$5:$F$44>=B7),'Urun Veritabani'!$B$5:$B$44)
A15: Cap (mm) | B15: =_xlfn.XLOOKUP(1,('Urun Veritabani'!$C$5:$C$44="Fan")*('Urun Veritabani'!$E$5:$E$44=B9)*('Urun Veritabani'!$F$5:$F$44>=B7),'Urun Veritabani'!$D$5:$D$44)
A16: Nominal Debi (m3/h) | B16: =B9
A17: Basinc Kapasitesi (Pa) | B17: =_xlfn.XLOOKUP(1,('Urun Veritabani'!$C$5:$C$44="Fan")*('Urun Veritabani'!$E$5:$E$44=B9)*('Urun Veritabani'!$F$5:$F$44>=B7),'Urun Veritabani'!$F$5:$F$44)
A18: Veritabani Motor Gucu (kW) | B18: =_xlfn.XLOOKUP(1,('Urun Veritabani'!$C$5:$C$44="Fan")*('Urun Veritabani'!$E$5:$E$44=B9)*('Urun Veritabani'!$F$5:$F$44>=B7),'Urun Veritabani'!$G$5:$G$44)
A19: Fan Devri (rpm) | B19: =_xlfn.XLOOKUP(1,('Urun Veritabani'!$C$5:$C$44="Fan")*('Urun Veritabani'!$E$5:$E$44=B9)*('Urun Veritabani'!$F$5:$F$44>=B7),'Urun Veritabani'!$I$5:$I$44)
A20: Fan Verimi (%) | B20: =_xlfn.XLOOKUP(1,('Urun Veritabani'!$C$5:$C$44="Fan")*('Urun Veritabani'!$E$5:$E$44=B9)*('Urun Veritabani'!$F$5:$F$44>=B7),'Urun Veritabani'!$J$5:$J$44)
A22: TEORIK MOTOR GUCU HESABI VE KONTROL
A23: Teorik Motor Gucu (kW) = Q[m3/s] x dP[Pa] / (1000 x Verim) | B23: =(B4/3600)*B7/(1000*(B20/100))
A24: Kontrol (Teorik <= Veritabani Motoru x 1.1) | B24: =IF(B23>B18*1.1,"UYARI: Motor gucu yetersiz olabilir","Uygun")
A26: ENERJI TUKETIMI
A27: Sistem Calisma Suresi (saat/gun) | B27: 8
A28: Yillik Calisma Gunu (gun/yil) | B28: 250
A29: Motor Gucu (kW) [Kullanilan] | B29: =MAX(B23,B18)
A30: Enerji Tuketimi (kWh/gun) | B30: =B29*B27
A31: Enerji Tuketimi (kWh/yil) | B31: =B30*B28

Sheet Urun Veritabani
A1: URUN VERITABANI - SMT Europe / Siloma / Saf Teknik
A2: NOT: Asagidaki teknik degerler (debi, basinc, guc, alan) ilgili marka model serileri esas alinarak muhendislik tahmini olarak olusturulmustur. Kataloglarin genel urun sayfalarinda detayli teknik deger (m3/h, Pa, kW) yayinlanmadigindan, kesin teklif oncesi SMT Europe / Siloma / Saf Teknik yetkili satis/teknik servisinden guncel datasheet degerleri ile bu tablo dogrulanmalidir.
A4: Marka | B4: Urun Kodu | C4: Urun Tipi | D4: Cap (mm) | E4: Debi (m3/h) | F4: Basinc (Pa) | G4: Motor Gucu (kW) | H4: Filtre Alani (m2) | I4: Fan Devri (rpm) | J4: Fan Verimi (%) | K4: Hava Tanki Hacmi (m3) | L4: Temizlik Sistemi | M4: Aciklama
A5: Saf Teknik | B5: SF-312 | C5: Filtre | E5: 3000 | F5: 1444 | G5: 2.2 | H5: 33.3 | K5: 0 | L5: Mekanik Sarsma | M5: SF-312 torba/kartus filtre unitesi - mekanik sarsma temizlikli
A6: Saf Teknik | B6: SF-315 | C6: Filtre | E6: 4500 | F6: 1465 | G6: 4 | H6: 50 | K6: 0 | L6: Mekanik Sarsma | M6: SF-315 torba/kartus filtre unitesi - mekanik sarsma temizlikli
A7: Saf Teknik | B7: SF-318 | C7: Filtre | E7: 6000 | F7: 1487 | G7: 5.5 | H7: 66.7 | K7: 0 | L7: Mekanik Sarsma | M7: SF-318 torba/kartus filtre unitesi - mekanik sarsma temizlikli
A8: Saf Teknik | B8: SF-321 | C8: Filtre | E8: 8000 | F8: 1516 | G8: 7.5 | H8: 88.9 | K8: 0 | L8: Mekanik Sarsma | M8: SF-321 torba/kartus filtre unitesi - mekanik sarsma temizlikli
A9: Saf Teknik | B9: SF-324 | C9: Filtre | E9: 10000 | F9: 1545 | G9: 7.5 | H9: 111.1 | K9: 0 | L9: Mekanik Sarsma | M9: SF-324 torba/kartus filtre unitesi - mekanik sarsma temizlikli
A10: Saf Teknik | B10: KP-12 | C10: Filtre | E10: 1200 | F10: 1417 | G10: 1.1 | H10: 13.3 | K10: 0 | L10: Mekanik Sarsma | M10: KP-12 torba/kartus filtre unitesi - mekanik sarsma temizlikli
A11: Saf Teknik | B11: KP-20 | C11: Filtre | E11: 2000 | F11: 1429 | G11: 1.5 | H11: 22.2 | K11: 0 | L11: Mekanik Sarsma | M11: KP-20 torba/kartus filtre unitesi - mekanik sarsma temizlikli
A12: Saf Teknik | B12: KP-30 | C12: Filtre | E12: 3000 | F12: 1444 | G12: 2.2 | H12: 33.3 | K12: 0 | L12: Mekanik Sarsma | M12: KP-30 torba/kartus filtre unitesi - mekanik sarsma temizlikli
A13: Saf Teknik | B13: KP-40 | C13: Filtre | E13: 4000 | F13: 1458 | G13: 3 | H13: 44.4 | K13: 0 | L13: Mekanik Sarsma | M13: KP-40 torba/kartus filtre unitesi - mekanik sarsma temizlikli
A14: Saf Teknik | B14: KP-50 | C14: Filtre | E14: 5000 | F14: 1473 | G14: 4 | H14: 55.6 | K14: 0 | L14: Mekanik Sarsma | M14: KP-50 torba/kartus filtre unitesi - mekanik sarsma temizlikli
A15: Saf Teknik | B15: KP-60 | C15: Filtre | E15: 6000 | F15: 1487 | G15: 5.5 | H15: 66.7 | K15: 0 | L15: Mekanik Sarsma | M15: KP-60 torba/kartus filtre unitesi - mekanik sarsma temizlikli
A16: Saf Teknik | B16: BB-1521 | C16: Filtre | E16: 15000 | F16: 1618 | G16: 15 | H16: 109.6 | K16: 0.7 | L16: Jet Pulse (Basincli Hava) | M16: BB-1521 torba/kartus filtre unitesi - jet pulse (basincli hava) temizlikli
... A27: SMT Europe | B27: SWF-30 | C27: Filtre | E27: 10000 | F27: 1545 | G27: 7.5 | H27: 73.1 | K27: 0.6 | L27: Jet Pulse (Basincli Hava) | M27: SWF-30 torba/kartus filtre unitesi - jet pulse (basincli hava) temizlikli
A28: Saf Teknik | B28: SF-213 | C28: Fan | D28: 190 | E28: 2000 | F28: 1551 | G28: 1.5 | I28: 2900 | J28: 66 | L28: - | M28: SF-213 radyal (santrifuj) transfer fani
A29: Saf Teknik | B29: SF-214 | C29: Fan | D29: 230 | E29: 3000 | F29: 1577 | G29: 2.2 | I29: 2900 | J29: 66 | L29: - | M29: SF-214 radyal (santrifuj) transfer fani
A30: Saf Teknik | B30: SF-215 | C30: Fan | D30: 270 | E30: 4000 | F30: 1603 | G30: 3 | I30: 2900 | J30: 66 | L30: - | M30: SF-215 radyal (santrifuj) transfer fani
A31: Saf Teknik | B31: SF-216 | C31: Fan | D31: 310 | E31: 5500 | F31: 1641 | G31: 4 | I31: 2900 | J31: 66 | L31: - | M31: SF-216 radyal (santrifuj) transfer fani
A32: Saf Teknik | B32: SF-217 | C32: Fan | D32: 350 | E32: 7000 | F32: 1680 | G32: 5.5 | I32: 2900 | J32: 67 | L32: - | M32: SF-217 radyal (santrifuj) transfer fani
A33: Saf Teknik | B33: SF-218 | C33: Fan | D33: 400 | E33: 9000 | F33: 1731 | G33: 7.5 | I33: 1450 | J33: 67 | L33: - | M33: SF-218 radyal (santrifuj) transfer fani
A34: Saf Teknik | B34: SF-219 | C34: Fan | D34: 460 | E34: 12000 | F34: 1809 | G34: 11 | I34: 1450 | J34: 68 | L34: - | M34: SF-219 radyal (santrifuj) transfer fani
A35: Saf Teknik | B35: SF-2110 | C35: Fan | D35: 530 | E35: 16000 | F35: 1911 | G35: 15 | I35: 1450 | J35: 69 | L35: - | M35: SF-2110 radyal (santrifuj) transfer fani
A36: Saf Teknik | B36: SF-2111 | C36: Fan | D36: 590 | E36: 20000 | F36: 2014 | G36: 18.5 | I36: 1450 | J36: 70 | L36: - | M36: SF-2111 radyal (santrifuj) transfer fani
A37: Saf Teknik | B37: SF-2112 | C37: Fan | D37: 680 | E37: 26000 | F37: 2169 | G37: 22 | I37: 1450 | J37: 72 | L37: - | M37: SF-2112 radyal (santrifuj) transfer fani
A38: Siloma | B38: STF-218 | C38: Fan | D38: 400 | E38: 9000 | F38: 1731 | G38: 7.5 | I38: 1450 | J38: 67 | L38: - | M38: STF-218 radyal (santrifuj) transfer fani
A39: Siloma | B39: STF-2110 | C39: Fan | D39: 530 | E39: 16000 | F39: 1911 | G39: 15 | I39: 1450 | J39: 69 | L39: - | M39: STF-2110 radyal (santrifuj) transfer fani
... A44: SMT Europe | B44: SMT-TF-30 | C44: Fan | D44: 560 | E44: 18000 | F44: 1963 | G44: 15 | I44: 1450 | J44: 70 | L44: - | M44: SMT-TF-30 radyal (santrifuj) transfer fani

Sheet Teklif Ozeti
A1: TOZ EMME SISTEMI - TEKLIF OZETI
A3: MUSTERI / PROJE BILGILERI
A4: Musteri / Firma Adi: | D4: Teklif No:
A5: Proje: | B5: ='Makine Giris'!B2 | D5: Tarih: | E5: ='Makine Giris'!E2
A6: Hazirlayan: | B6: ='Makine Giris'!H2
A8: SISTEM OZETI
A9: Toplam Hava Debisi (m3/h) | B9: ='Borulama Hesaplari'!E4
A10: Ana Boru Capi (mm) | B10: ='Borulama Hesaplari'!E8
A11: Gercek Hava Hizi (m/s) | B11: ='Borulama Hesaplari'!E10
A12: Toplam Sistem Basinc Kaybi (Pa) | B12: ='Fan Secimi'!B7
A13: Secilen Filtre Modeli | B13: ='Filtre Secimi'!B9&" - "&'Filtre Secimi'!B10
A14: Filtre Alani (m2) | B14: ='Filtre Secimi'!B12
A15: Secilen Fan Modeli | B15: ='Fan Secimi'!B13&" - "&'Fan Secimi'!B14
A16: Fan Motor Gucu (kW) | B16: ='Fan Secimi'!B29
A17: Tahmini Enerji Tuketimi (kWh/gun) | B17: ='Fan Secimi'!B30
A18: Tahmini Enerji Tuketimi (kWh/yil) | B18: ='Fan Secimi'!B31
A20: KULLANILAN EKIPMAN LISTESI (BOM)
A21: No | B21: Ekipman / Kalem | C21: Ozellik | D21: Miktar | E21: Birim
A22: 1 | B22: Ana Boru Hatti | C22: ='Borulama Hesaplari'!E8&" mm Cap" | D22: ='Borulama Hesaplari'!B4 | E22: m
A23: 2 | B23: Bransman Hatlari | C23: ='Borulama Hesaplari'!E8&" mm Cap" | D23: ='Borulama Hesaplari'!B5 | E23: m
A24: 3 | B24: 45 derece Dirsek | C24: ='Borulama Hesaplari'!B10 | D24: ='Borulama Hesaplari'!B6 | E24: adet
A25: 4 | B25: 90 derece Dirsek | C25: ='Borulama Hesaplari'!B10 | D25: ='Borulama Hesaplari'!B7 | E25: adet
A26: 5 | B26: T Baglanti | C26: ='Borulama Hesaplari'!B10 | D26: ='Borulama Hesaplari'!B8 | E26: adet
A27: 6 | B27: Reduksiyon | C27: ='Borulama Hesaplari'!B10 | D27: ='Borulama Hesaplari'!B9 | E27: adet
A28: 7 | B28: Filtre Unitesi | C28: ='Filtre Secimi'!B9&" "&'Filtre Secimi'!B10 | D28: 1 | E28: adet
A29: 8 | B29: Fan (Aspirator) | C29: ='Fan Secimi'!B13&" "&'Fan Secimi'!B14 | D29: 1 | E29: adet
A31: Bu teklif ozeti otomatik hesaplama araci ile olusturulmustur. Kesin fiyatlandirma ve teknik onay icin yetkili satis muhendisi ile gorusulmesi tavsiye edilir.
